-- MySQL Script generated by MySQL Workbench
-- 06/09/16 09:42:07
-- Model: New Model    Version: 1.0
-- MySQL Workbench Forward Engineering

SET @OLD_UNIQUE_CHECKS=@@UNIQUE_CHECKS, UNIQUE_CHECKS=0;
SET @OLD_FOREIGN_KEY_CHECKS=@@FOREIGN_KEY_CHECKS, FOREIGN_KEY_CHECKS=0;
SET @OLD_SQL_MODE=@@SQL_MODE, SQL_MODE='TRADITIONAL,ALLOW_INVALID_DATES';

-- -----------------------------------------------------
-- Schema jca14b
-- -----------------------------------------------------
DROP SCHEMA IF EXISTS `jca14b` ;

-- -----------------------------------------------------
-- Schema jca14b
-- -----------------------------------------------------
CREATE SCHEMA IF NOT EXISTS `jca14b` DEFAULT CHARACTER SET utf8 COLLATE utf8_general_ci ;
SHOW WARNINGS;
USE `jca14b` ;

-- -----------------------------------------------------
-- Table `jca14b`.`petstore`
-- -----------------------------------------------------
DROP TABLE IF EXISTS `jca14b`.`petstore` ;

SHOW WARNINGS;
CREATE TABLE IF NOT EXISTS `jca14b`.`petstore` (
  `pst_id` SMALLINT UNSIGNED NOT NULL AUTO_INCREMENT COMMENT '',
  `pst_name` VARCHAR(30) NOT NULL COMMENT '',
  `pst_street` VARCHAR(30) NOT NULL COMMENT '',
  `pst_city` VARCHAR(30) NOT NULL COMMENT '',
  `pst_state` CHAR(2) NOT NULL COMMENT '',
  `pst_zip` INT UNSIGNED NOT NULL COMMENT '',
  `pst_phone` BIGINT UNSIGNED NOT NULL COMMENT '',
  `pst_email` VARCHAR(100) NOT NULL COMMENT '',
  `pst_url` VARCHAR(100) NOT NULL COMMENT '',
  `pst_ytd_sales` DECIMAL(10,2) UNSIGNED NOT NULL COMMENT '',
  `pst_notes` VARCHAR(255) NULL COMMENT '',
  PRIMARY KEY (`pst_id`)  COMMENT '')
ENGINE = InnoDB;

SHOW WARNINGS;

-- -----------------------------------------------------
-- Table `jca14b`.`customer`
-- -----------------------------------------------------
DROP TABLE IF EXISTS `jca14b`.`customer` ;

SHOW WARNINGS;
CREATE TABLE IF NOT EXISTS `jca14b`.`customer` (
  `cus_id` SMALLINT UNSIGNED NOT NULL AUTO_INCREMENT COMMENT '',
  `cus_fname` VARCHAR(15) NOT NULL COMMENT '',
  `cus_lname` VARCHAR(30) NOT NULL COMMENT '',
  `cus_street` VARCHAR(30) NOT NULL COMMENT '',
  `cus_city` VARCHAR(30) NOT NULL COMMENT '',
  `cus_state` CHAR(2) NOT NULL COMMENT '',
  `cus_zip` INT NOT NULL COMMENT '',
  `cus_phone` BIGINT NOT NULL COMMENT '',
  `cus_email` VARCHAR(100) NOT NULL COMMENT '',
  `cus_url` VARCHAR(100) NOT NULL COMMENT '',
  `cus_balance` DECIMAL(9,2) NOT NULL COMMENT '',
  `cus_total_sales` DECIMAL(9,2) NOT NULL COMMENT '',
  `cus_notes` VARCHAR(255) NULL COMMENT '',
  PRIMARY KEY (`cus_id`)  COMMENT '')
ENGINE = InnoDB;

SHOW WARNINGS;

-- -----------------------------------------------------
-- Table `jca14b`.`pet`
-- -----------------------------------------------------
DROP TABLE IF EXISTS `jca14b`.`pet` ;

SHOW WARNINGS;
CREATE TABLE IF NOT EXISTS `jca14b`.`pet` (
  `pet_id` SMALLINT UNSIGNED NOT NULL AUTO_INCREMENT COMMENT '',
  `pst_id` SMALLINT UNSIGNED NOT NULL COMMENT '',
  `cus_id` SMALLINT UNSIGNED NULL COMMENT '',
  `pet_type` VARCHAR(45) NOT NULL COMMENT '',
  `pet_sex` ENUM('m', 'f') NOT NULL COMMENT '',
  `pet_cost` DECIMAL(6,2) UNSIGNED NOT NULL COMMENT '',
  `pet_price` DECIMAL(6,2) UNSIGNED NOT NULL COMMENT '',
  `pet_age` TINYINT UNSIGNED NOT NULL COMMENT '',
  `pet_color` VARCHAR(30) NOT NULL COMMENT '',
  `pet_sale_date` DATE NULL COMMENT '',
  `pet_vaccine` ENUM('y', 'n') NOT NULL COMMENT '',
  `pet_neuter` ENUM('y', 'n') NOT NULL COMMENT '',
  `pet_notes` VARCHAR(255) NULL COMMENT '',
  PRIMARY KEY (`pet_id`)  COMMENT '',
  INDEX `fk_pet_petstore_idx` (`pst_id` ASC)  COMMENT '',
  INDEX `fk_pet_customer1_idx` (`cus_id` ASC)  COMMENT '',
  CONSTRAINT `fk_pet_petstore`
    FOREIGN KEY (`pst_id`)
    REFERENCES `jca14b`.`petstore` (`pst_id`)
    ON DELETE NO ACTION
    ON UPDATE NO ACTION,
  CONSTRAINT `fk_pet_customer1`
    FOREIGN KEY (`cus_id`)
    REFERENCES `jca14b`.`customer` (`cus_id`)
    ON DELETE NO ACTION
    ON UPDATE NO ACTION)
ENGINE = InnoDB;

SHOW WARNINGS;

SET SQL_MODE=@OLD_SQL_MODE;
SET FOREIGN_KEY_CHECKS=@OLD_FOREIGN_KEY_CHECKS;
SET UNIQUE_CHECKS=@OLD_UNIQUE_CHECKS;

-- -----------------------------------------------------
-- Data for table `jca14b`.`petstore`
-- -----------------------------------------------------
START TRANSACTION;
USE `jca14b`;
INSERT INTO `jca14b`.`petstore` (`pst_id`, `pst_name`, `pst_street`, `pst_city`, `pst_state`, `pst_zip`, `pst_phone`, `pst_email`, `pst_url`, `pst_ytd_sales`, `pst_notes`) VALUES (1, 'Shoppy1', '123 Fake0', 'Faker1', 'FL', 33018, 1111111111, 'Fake@email.com', 'fake.com1', 11.41, NULL);
INSERT INTO `jca14b`.`petstore` (`pst_id`, `pst_name`, `pst_street`, `pst_city`, `pst_state`, `pst_zip`, `pst_phone`, `pst_email`, `pst_url`, `pst_ytd_sales`, `pst_notes`) VALUES (2, 'Shoppy2', '123 Fake9', 'Faker2', 'FL', 33018, 1111111110, 'Fake@email.com1', 'fake.com2', 11.42, NULL);
INSERT INTO `jca14b`.`petstore` (`pst_id`, `pst_name`, `pst_street`, `pst_city`, `pst_state`, `pst_zip`, `pst_phone`, `pst_email`, `pst_url`, `pst_ytd_sales`, `pst_notes`) VALUES (3, 'Shoppy3', '123 Fake8', 'Faker3', 'FL', 33018, 1111111119, 'Fake@email.com2', 'fake.com3', 11.43, NULL);
INSERT INTO `jca14b`.`petstore` (`pst_id`, `pst_name`, `pst_street`, `pst_city`, `pst_state`, `pst_zip`, `pst_phone`, `pst_email`, `pst_url`, `pst_ytd_sales`, `pst_notes`) VALUES (4, 'Shoppy4', '123 Fake7', 'Faker4', 'FL', 33018, 1111111118, 'Fake@email.com3', 'fake.com4', 11.44, NULL);
INSERT INTO `jca14b`.`petstore` (`pst_id`, `pst_name`, `pst_street`, `pst_city`, `pst_state`, `pst_zip`, `pst_phone`, `pst_email`, `pst_url`, `pst_ytd_sales`, `pst_notes`) VALUES (5, 'Shoppy5', '123 Fake6', 'Faker5', 'FL', 33018, 1111111117, 'Fake@email.com4', 'fake.com5', 11.45, NULL);
INSERT INTO `jca14b`.`petstore` (`pst_id`, `pst_name`, `pst_street`, `pst_city`, `pst_state`, `pst_zip`, `pst_phone`, `pst_email`, `pst_url`, `pst_ytd_sales`, `pst_notes`) VALUES (6, 'Shoppy6', '123 Fake5', 'Faker6', 'FL', 33018, 1111111116, 'Fake@email.com5', 'fake.com6', 11.46, NULL);
INSERT INTO `jca14b`.`petstore` (`pst_id`, `pst_name`, `pst_street`, `pst_city`, `pst_state`, `pst_zip`, `pst_phone`, `pst_email`, `pst_url`, `pst_ytd_sales`, `pst_notes`) VALUES (7, 'Shoppy7', '123 Fake4', 'Faker7', 'FL', 33018, 1111111115, 'Fake@email.com6', 'fake.com7', 11.47, NULL);
INSERT INTO `jca14b`.`petstore` (`pst_id`, `pst_name`, `pst_street`, `pst_city`, `pst_state`, `pst_zip`, `pst_phone`, `pst_email`, `pst_url`, `pst_ytd_sales`, `pst_notes`) VALUES (8, 'Shoppy8', '123 Fake3', 'Faker8', 'FL', 33018, 1111111114, 'Fake@email.com7', 'fake.com8', 11.48, NULL);
INSERT INTO `jca14b`.`petstore` (`pst_id`, `pst_name`, `pst_street`, `pst_city`, `pst_state`, `pst_zip`, `pst_phone`, `pst_email`, `pst_url`, `pst_ytd_sales`, `pst_notes`) VALUES (9, 'Shoppy9', '123 Fake2', 'Faker9', 'FL', 33018, 1111111113, 'Fake@email.com8', 'fake.com9', 11.49, NULL);
INSERT INTO `jca14b`.`petstore` (`pst_id`, `pst_name`, `pst_street`, `pst_city`, `pst_state`, `pst_zip`, `pst_phone`, `pst_email`, `pst_url`, `pst_ytd_sales`, `pst_notes`) VALUES (10, 'Shoppy0', '123 Fake1', 'Faker0', 'FL', 33018, 1111111112, 'Fake@email.com9', 'fake.com10', 11.40, NULL);

COMMIT;


-- -----------------------------------------------------
-- Data for table `jca14b`.`customer`
-- -----------------------------------------------------
START TRANSACTION;
USE `jca14b`;
INSERT INTO `jca14b`.`customer` (`cus_id`, `cus_fname`, `cus_lname`, `cus_street`, `cus_city`, `cus_state`, `cus_zip`, `cus_phone`, `cus_email`, `cus_url`, `cus_balance`, `cus_total_sales`, `cus_notes`) VALUES (1, 'juan', 'sterling', '123 faker', 'atlanta', 'FL', 33018, 3053312221, 'fake@email', 'fake1.com', 100.00, 10.00, NULL);
INSERT INTO `jca14b`.`customer` (`cus_id`, `cus_fname`, `cus_lname`, `cus_street`, `cus_city`, `cus_state`, `cus_zip`, `cus_phone`, `cus_email`, `cus_url`, `cus_balance`, `cus_total_sales`, `cus_notes`) VALUES (2, 'jayz', 'archer', '123 fake', 'tallahassee', 'Fl', 33018, 3053312222, 'fake1@email', 'fake2.com', 200.00, 20.00, NULL);
INSERT INTO `jca14b`.`customer` (`cus_id`, `cus_fname`, `cus_lname`, `cus_street`, `cus_city`, `cus_state`, `cus_zip`, `cus_phone`, `cus_email`, `cus_url`, `cus_balance`, `cus_total_sales`, `cus_notes`) VALUES (3, 'eminem', 'shiro', 'fake 123', 'miami', 'FL', 33018, 3053312223, 'fake2@email', 'fake3.com', 300.00, 30.00, NULL);
INSERT INTO `jca14b`.`customer` (`cus_id`, `cus_fname`, `cus_lname`, `cus_street`, `cus_city`, `cus_state`, `cus_zip`, `cus_phone`, `cus_email`, `cus_url`, `cus_balance`, `cus_total_sales`, `cus_notes`) VALUES (4, 'shady', 'kiritsugu', 'avenue of fake', 'lauderdale', 'FL', 33018, 3053312224, 'fake3@email', 'fake4.com', 400.00, 40.00, NULL);
INSERT INTO `jca14b`.`customer` (`cus_id`, `cus_fname`, `cus_lname`, `cus_street`, `cus_city`, `cus_state`, `cus_zip`, `cus_phone`, `cus_email`, `cus_url`, `cus_balance`, `cus_total_sales`, `cus_notes`) VALUES (5, 'slim', 'naruto', 'not real street', 'houston', 'FL', 33018, 3053312225, 'fake4@email', 'fake5.com', 500.00, 50.00, NULL);
INSERT INTO `jca14b`.`customer` (`cus_id`, `cus_fname`, `cus_lname`, `cus_street`, `cus_city`, `cus_state`, `cus_zip`, `cus_phone`, `cus_email`, `cus_url`, `cus_balance`, `cus_total_sales`, `cus_notes`) VALUES (6, 'mynameis', 'boruto', 'imaginary lake', 'laogai', 'FL', 33018, 3053312226, 'fake5@email', 'fake6.com', 600.00, 60.00, NULL);
INSERT INTO `jca14b`.`customer` (`cus_id`, `cus_fname`, `cus_lname`, `cus_street`, `cus_city`, `cus_state`, `cus_zip`, `cus_phone`, `cus_email`, `cus_url`, `cus_balance`, `cus_total_sales`, `cus_notes`) VALUES (7, 'fakerino', 'sasuke', 'hi address', 'ba sing se', 'FL', 33018, 3053312227, 'fake6@email', 'fake7.com', 700.00, 70.00, NULL);
INSERT INTO `jca14b`.`customer` (`cus_id`, `cus_fname`, `cus_lname`, `cus_street`, `cus_city`, `cus_state`, `cus_zip`, `cus_phone`, `cus_email`, `cus_url`, `cus_balance`, `cus_total_sales`, `cus_notes`) VALUES (8, 'fakest', 'shikamaru', 'not real', 'boulder', 'FL', 33018, 3053312228, 'fake7@email', 'fake8.com', 800.00, 80.00, NULL);
INSERT INTO `jca14b`.`customer` (`cus_id`, `cus_fname`, `cus_lname`, `cus_street`, `cus_city`, `cus_state`, `cus_zip`, `cus_phone`, `cus_email`, `cus_url`, `cus_balance`, `cus_total_sales`, `cus_notes`) VALUES (9, 'faker', 'tatsumi', 'hi dr jowett', 'ozai', 'FL', 33018, 3053312229, 'fake8@email', 'fake9.com', 900.00, 90.00, NULL);
INSERT INTO `jca14b`.`customer` (`cus_id`, `cus_fname`, `cus_lname`, `cus_street`, `cus_city`, `cus_state`, `cus_zip`, `cus_phone`, `cus_email`, `cus_url`, `cus_balance`, `cus_total_sales`, `cus_notes`) VALUES (10, 'fake', 'akame', 'wlecome ', 'kyoto', 'FL', 33018, 3053312210, 'fake9@email', 'fake10.com', 1000.00, 100.00, NULL);

COMMIT;


-- -----------------------------------------------------
-- Data for table `jca14b`.`pet`
-- -----------------------------------------------------
START TRANSACTION;
USE `jca14b`;
INSERT INTO `jca14b`.`pet` (`pet_id`, `pst_id`, `cus_id`, `pet_type`, `pet_sex`, `pet_cost`, `pet_price`, `pet_age`, `pet_color`, `pet_sale_date`, `pet_vaccine`, `pet_neuter`, `pet_notes`) VALUES (1, 1, 1, 'dog', 'm', 100.99, 1000.00, 1, 'blue', '2015-11-10', 'y', 'y', NULL);
INSERT INTO `jca14b`.`pet` (`pet_id`, `pst_id`, `cus_id`, `pet_type`, `pet_sex`, `pet_cost`, `pet_price`, `pet_age`, `pet_color`, `pet_sale_date`, `pet_vaccine`, `pet_neuter`, `pet_notes`) VALUES (2, 2, 2, 'cat', 'm', 11.99, 100.00, 2, 'blue', '2015-11-09', 'n', 'n', NULL);
INSERT INTO `jca14b`.`pet` (`pet_id`, `pst_id`, `cus_id`, `pet_type`, `pet_sex`, `pet_cost`, `pet_price`, `pet_age`, `pet_color`, `pet_sale_date`, `pet_vaccine`, `pet_neuter`, `pet_notes`) VALUES (3, 3, 3, 'turtle', 'm', 22.99, 300.00, 3, 'green', '2015-11-08', 'y', 'y', NULL);
INSERT INTO `jca14b`.`pet` (`pet_id`, `pst_id`, `cus_id`, `pet_type`, `pet_sex`, `pet_cost`, `pet_price`, `pet_age`, `pet_color`, `pet_sale_date`, `pet_vaccine`, `pet_neuter`, `pet_notes`) VALUES (4, 4, 4, 'pig', 'm', 33.99, 400.00, 4, 'white', '2015-11-07', 'n', 'n', NULL);
INSERT INTO `jca14b`.`pet` (`pet_id`, `pst_id`, `cus_id`, `pet_type`, `pet_sex`, `pet_cost`, `pet_price`, `pet_age`, `pet_color`, `pet_sale_date`, `pet_vaccine`, `pet_neuter`, `pet_notes`) VALUES (5, 5, 5, 'fish', 'f', 44.99, 500.00, 5, 'black', '2015-11-06', 'y', 'y', NULL);
INSERT INTO `jca14b`.`pet` (`pet_id`, `pst_id`, `cus_id`, `pet_type`, `pet_sex`, `pet_cost`, `pet_price`, `pet_age`, `pet_color`, `pet_sale_date`, `pet_vaccine`, `pet_neuter`, `pet_notes`) VALUES (6, 6, 6, 'lizard', 'f', 55.99, 600.00, 6, 'yellow', '2015-11-05', 'n', 'n', NULL);
INSERT INTO `jca14b`.`pet` (`pet_id`, `pst_id`, `cus_id`, `pet_type`, `pet_sex`, `pet_cost`, `pet_price`, `pet_age`, `pet_color`, `pet_sale_date`, `pet_vaccine`, `pet_neuter`, `pet_notes`) VALUES (7, 7, 7, 'rat', 'f', 66.99, 700.00, 7, 'purple', '2015-11-04', 'y', 'n', NULL);
INSERT INTO `jca14b`.`pet` (`pet_id`, `pst_id`, `cus_id`, `pet_type`, `pet_sex`, `pet_cost`, `pet_price`, `pet_age`, `pet_color`, `pet_sale_date`, `pet_vaccine`, `pet_neuter`, `pet_notes`) VALUES (8, 8, 8, 'bird', 'f', 77.99, 800.00, 8, 'brown', '2015-11-03', 'n', 'y', NULL);
INSERT INTO `jca14b`.`pet` (`pet_id`, `pst_id`, `cus_id`, `pet_type`, `pet_sex`, `pet_cost`, `pet_price`, `pet_age`, `pet_color`, `pet_sale_date`, `pet_vaccine`, `pet_neuter`, `pet_notes`) VALUES (9, 9, 9, 'racoon', 'f', 88.99, 900.00, 9, 'red', '2015-11-02', 'y', 'n', NULL);
INSERT INTO `jca14b`.`pet` (`pet_id`, `pst_id`, `cus_id`, `pet_type`, `pet_sex`, `pet_cost`, `pet_price`, `pet_age`, `pet_color`, `pet_sale_date`, `pet_vaccine`, `pet_neuter`, `pet_notes`) VALUES (10, 10, 10, 'cow', 'f', 99.99, 197.00, 11, 'green', '2015-11-01', 'n', 'y', NULL);

COMMIT;

